product_id,product_name,category,annual_sales,avg_daily,zero_days,weekly_ratio,monthly_ratio
45,Khan uot tre em,Baby Care,331783.0,908.9945205479452,0,1.9453771577205012,1.894577051926298
8,Thit bo,Fresh Food,316911.0,868.2493150684932,0,1.9348791317217562,1.9063761543991595
15,Ca phe sua dinh huong,Beverages,361586.0,990.6465753424658,0,1.9344541391785486,1.8844829235626137
13,Nuoc sui 330ml,Beverages,346565.0,949.4931506849315,0,1.971237919926369,1.9012407949157673
25,Ruou dua co,Beverages,330786.0,906.2630136986302,0,1.9549102927289896,1.9236070614430367
22,Tra dau khong,Beverages,329896.0,903.8246575342466,0,1.919434628975265,1.8952688399661304
28,Keo mut,Snacks,360768.0,988.4054794520548,0,1.975561859044294,1.909279744939858
48,Kem danh rang,Personal Care,211365.0,579.082191780822,0,1.9334308705193854,1.9031224322103533
38,Sua tam the,Household,331005.0,906.8630136986301,0,1.9480705097665556,1.9030248640658818
18,Sua chua 500g,Dairy,346448.0,949.172602739726,0,1.967560261320117,1.926026844282975
