product_id,store_id,model,on_hand,total_predicted,safety_stock,recommended_import,raw_need,headroom,shelf_life_days,max_stock
45,1,prophet,21.6,1768.8,503.7,26.4,2250.9,26.4,730,48.0
45,2,xgboost,14.4,2793.5,315.4,33.6,3094.5,33.6,730,48.0
45,3,prophet,21.6,2235.8,571.0,26.4,2785.3,26.4,730,48.0
45,4,prophet,21.6,2063.2,564.3,26.4,2605.9,26.4,730,48.0
45,5,prophet,21.6,1487.2,465.8,26.4,1931.4,26.4,730,48.0
45,6,prophet,21.6,1481.4,467.4,26.4,1927.2,26.4,730,48.0
45,7,prophet,21.6,1354.7,436.0,26.4,1769.1,26.4,730,48.0
45,8,prophet,3.0,2392.8,610.0,45.0,2999.8,45.0,730,48.0
45,9,prophet,14.4,2100.6,555.7,33.6,2641.9,33.6,730,48.0
45,10,prophet,21.6,2228.5,580.7,26.4,2787.6,26.4,730,48.0
8,1,prophet,22.5,1708.6,496.3,27.5,2182.4,27.5,3,50.0
8,2,prophet,22.5,2407.0,609.2,27.5,2993.7,27.5,3,50.0
8,3,prophet,22.5,2144.6,567.0,27.5,2689.1,27.5,3,50.0
8,4,prophet,22.5,1972.9,547.6,27.5,2498.1,27.5,3,50.0
8,5,prophet,22.5,1438.3,473.6,27.5,1889.5,27.5,3,50.0
8,6,prophet,22.5,1405.3,464.0,27.5,1846.8,27.5,3,50.0
8,7,prophet,22.5,1329.5,424.6,27.5,1731.5,27.5,3,50.0
8,8,prophet,1.0,2319.1,589.1,49.0,2907.2,49.0,3,50.0
8,9,prophet,22.5,1944.3,538.4,27.5,2460.2,27.5,3,50.0
8,10,prophet,22.5,2102.4,553.4,27.5,2633.3,27.5,3,50.0
15,1,prophet,67.5,1980.9,554.7,82.5,2468.1,82.5,365,150.0
15,2,prophet,3.0,2750.7,644.0,147.0,3391.8,147.0,365,150.0
15,3,prophet,45.0,2438.9,601.4,105.0,2995.2,105.0,365,150.0
15,4,prophet,2.0,2249.6,566.2,148.0,2813.8,148.0,365,150.0
15,5,prophet,67.5,1650.1,506.2,82.5,2088.8,82.5,365,150.0
15,6,prophet,67.5,1653.0,495.6,82.5,2081.1,82.5,365,150.0
15,7,prophet,3.0,1504.4,465.8,147.0,1967.2,147.0,365,150.0
15,8,prophet,45.0,2657.8,631.2,105.0,3244.0,105.0,365,150.0
15,9,prophet,67.5,2281.4,594.7,82.5,2808.7,82.5,365,150.0
15,10,prophet,67.5,2389.9,606.0,82.5,2928.4,82.5,365,150.0
13,1,prophet,2.0,1835.3,517.1,238.0,2350.4,238.0,180,240.0
13,2,prophet,72.0,2622.7,625.7,168.0,3176.4,168.0,180,240.0
13,3,prophet,108.0,2377.3,611.3,132.0,2880.7,132.0,180,240.0
13,4,prophet,3.0,2092.3,540.6,237.0,2629.9,237.0,180,240.0
13,5,prophet,108.0,1575.6,483.7,132.0,1951.4,132.0,180,240.0
13,6,prophet,3.0,1602.1,481.8,237.0,2080.9,237.0,180,240.0
13,7,xgboost,108.0,1444.6,230.5,132.0,1567.1,132.0,180,240.0
13,8,prophet,108.0,2506.0,612.6,132.0,3010.6,132.0,180,240.0
13,9,prophet,108.0,2138.6,570.0,132.0,2600.7,132.0,180,240.0
13,10,prophet,108.0,2316.6,599.8,132.0,2808.5,132.0,180,240.0
25,1,prophet,27.0,1764.9,498.9,33.0,2236.7,33.0,730,60.0
25,2,prophet,27.0,2488.2,617.0,33.0,3078.2,33.0,730,60.0
25,3,prophet,3.0,2282.1,577.3,57.0,2856.4,57.0,730,60.0
25,4,prophet,27.0,2044.3,556.2,33.0,2573.5,33.0,730,60.0
25,5,prophet,9.0,1527.6,469.7,51.0,1988.4,51.0,730,60.0
25,6,prophet,27.0,1475.9,462.0,33.0,1911.0,33.0,730,60.0
25,7,prophet,27.0,1385.0,441.5,33.0,1799.5,33.0,730,60.0
25,8,prophet,27.0,2410.8,590.1,33.0,2973.9,33.0,730,60.0
25,9,prophet,27.0,2083.8,570.3,33.0,2627.1,33.0,730,60.0
25,10,prophet,18.0,2196.8,567.0,42.0,2745.8,42.0,730,60.0
11,1,prophet,135.0,1564.2,474.7,165.0,1904.0,165.0,180,300.0
11,2,prophet,3.0,2175.0,560.6,297.0,2732.6,297.0,180,300.0
11,3,prophet,90.0,1949.9,547.1,210.0,2407.0,210.0,180,300.0
11,4,prophet,135.0,1787.4,518.9,165.0,2171.3,165.0,180,300.0
11,5,prophet,135.0,1301.6,442.2,165.0,1608.8,165.0,180,300.0
11,6,prophet,135.0,1291.9,422.5,165.0,1579.3,165.0,180,300.0
11,7,prophet,135.0,1175.9,402.0,165.0,1442.9,165.0,180,300.0
11,8,prophet,1050.0,2036.8,560.1,0.0,1546.9,0.0,180,300.0
11,9,prophet,135.0,1808.1,514.2,165.0,2187.3,165.0,180,300.0
11,10,prophet,135.0,1917.9,545.3,165.0,2328.2,165.0,180,300.0
28,1,prophet,1050.0,1944.6,543.6,0.0,1438.2,0.0,365,120.0
28,2,prophet,1050.0,2715.2,628.2,0.0,2293.4,0.0,365,120.0
28,3,prophet,54.0,2450.6,607.8,66.0,3004.5,66.0,365,120.0
28,4,xgboost,54.0,2286.4,304.0,66.0,2536.4,66.0,365,120.0
28,5,prophet,36.0,1649.6,476.8,84.0,2090.4,84.0,365,120.0
28,6,prophet,54.0,1643.4,502.1,66.0,2091.4,66.0,365,120.0
28,7,prophet,3.0,1506.4,476.8,117.0,1980.2,117.0,365,120.0
28,8,prophet,54.0,2637.1,626.6,66.0,3209.7,66.0,365,120.0
28,9,prophet,3.0,2244.5,575.4,117.0,2816.9,117.0,365,120.0
28,10,prophet,36.0,2442.6,601.7,84.0,3008.3,84.0,365,120.0
48,1,prophet,27.0,1153.0,407.7,33.0,1533.7,33.0,730,60.0
48,2,prophet,27.0,1626.5,473.2,33.0,2072.7,33.0,730,60.0
48,3,prophet,27.0,1389.1,459.1,33.0,1821.2,33.0,730,60.0
48,4,prophet,27.0,1307.5,439.3,33.0,1719.8,33.0,730,60.0
48,5,prophet,27.0,960.5,369.2,33.0,1302.7,33.0,730,60.0
48,6,prophet,18.0,937.5,368.4,42.0,1287.9,42.0,730,60.0
48,7,prophet,27.0,861.8,364.9,33.0,1199.7,33.0,730,60.0
48,8,prophet,27.0,1527.4,468.0,33.0,1968.3,33.0,730,60.0
48,9,prophet,27.0,1310.5,447.0,33.0,1730.5,33.0,730,60.0
48,10,prophet,27.0,1397.8,454.2,33.0,1825.1,33.0,730,60.0
38,1,prophet,27.0,1814.9,530.6,33.0,2318.5,33.0,730,60.0
38,2,prophet,27.0,2532.1,616.5,33.0,3121.7,33.0,730,60.0
38,3,prophet,27.0,2229.8,594.2,33.0,2797.0,33.0,730,60.0
38,4,prophet,27.0,2086.2,534.8,33.0,2594.0,33.0,730,60.0
38,5,prophet,27.0,1521.0,472.1,33.0,1966.2,33.0,730,60.0
38,6,prophet,27.0,1494.2,465.3,33.0,1932.5,33.0,730,60.0
38,7,prophet,27.0,1366.3,448.5,33.0,1787.8,33.0,730,60.0
38,8,prophet,18.0,2383.1,582.5,42.0,2947.7,42.0,730,60.0
38,9,prophet,27.0,2055.9,563.4,33.0,2592.3,33.0,730,60.0
38,10,prophet,18.0,2181.9,592.2,42.0,2756.2,42.0,730,60.0
18,1,prophet,67.5,1866.6,528.6,82.5,2327.8,82.5,21,150.0
18,2,prophet,67.5,2624.8,640.8,82.5,3198.1,82.5,21,150.0
18,3,prophet,1050.0,2286.8,592.0,0.0,1828.8,0.0,21,150.0
18,4,prophet,67.5,2178.9,565.6,82.5,2677.0,82.5,21,150.0
18,5,prophet,1050.0,1559.1,470.3,0.0,979.5,0.0,21,150.0
18,6,prophet,1050.0,1572.0,481.8,0.0,1003.8,0.0,21,150.0
18,7,prophet,67.5,1426.1,445.5,82.5,1804.1,82.5,21,150.0
18,8,prophet,3.0,2522.5,624.6,147.0,3144.0,147.0,21,150.0
18,9,prophet,67.5,2159.4,585.0,82.5,2676.9,82.5,21,150.0
18,10,prophet,1050.0,2314.3,579.7,0.0,1844.0,0.0,21,150.0
