product_id,store_id,train_days,test_days,prophet_rmse,prophet_mae,prophet_mape,xgboost_rmse,xgboost_mae,xgboost_mape,arima_rmse,arima_mae,arima_mape,best_model,best_rmse
45,1,1734,92,9.575297316306427,7.599238858738251,10.847291838039812,10.553905956599252,8.490657433219578,12.036522631866585,18.445022590755936,14.47431809615069,22.73617106532209,prophet,9.575297316306427
45,2,1734,92,12.629357132750886,10.211238079056859,9.923371740491314,12.355814473510309,9.88401280278745,9.502085520915783,27.407802353270924,22.043201548234016,23.712193071579293,xgboost,12.355814473510309
45,3,1734,92,12.146406089308135,9.375653544592986,10.240598132177949,12.692278449905094,9.958023403001869,10.963496065815296,18.562473935344006,15.105821765969717,17.81795557858015,prophet,12.146406089308135
45,4,1734,92,10.648974455145886,8.665575537573027,10.479783487056558,11.497385355728873,9.103834691254988,11.260600125094383,23.606655257865274,18.185324263859684,25.26816792180559,prophet,10.648974455145886
45,5,1734,92,8.392414616910687,6.409355249588688,10.154585890779527,9.702044429599122,7.6238215902577275,12.97625191392296,21.90780095243519,17.865838987971696,33.64379917380704,prophet,8.392414616910687
45,6,1734,92,9.19405936074293,7.239488373572101,12.11746388520229,9.261433931046222,7.444044279015583,12.466212896033353,21.224374255046826,18.15460735661426,34.33538406411507,prophet,9.19405936074293
45,7,1734,92,8.683923876865409,6.856394318486738,12.119660564099807,9.102240311829336,7.435769164043924,13.337851913906091,18.124310667717392,14.806800328920001,30.438999807888933,prophet,8.683923876865409
45,8,1734,92,11.520705032824807,9.152923072370728,9.61122995555598,12.28682808923364,10.054182467253312,10.5897371729058,25.34468861846345,20.459424618379636,24.37733999727079,prophet,11.520705032824807
45,9,1734,92,9.931268320090503,8.004173656562918,9.377468401630171,11.472227264340342,8.80096435546875,10.674771207096667,26.282278895761383,20.923015305772427,28.438112564846456,prophet,9.931268320090503
45,10,1734,92,11.028401097113575,8.915902110986753,9.992626788656153,11.239587086980581,8.8691290565159,9.816268952766533,21.253219750225426,17.533358659838022,21.273893018839523,prophet,11.028401097113575
8,1,1734,92,9.573734517732646,7.799088121598979,11.522128096254992,10.804368793117431,8.72082399285358,12.988967496634032,16.733947759885098,13.920000815507143,22.131216729358194,prophet,9.573734517732646
8,2,1734,92,11.168968293463998,9.046379619369814,8.804850767583694,12.278969236636971,9.876562533171281,10.34136357482804,21.13811804903116,16.857946458585538,18.90130658536586,prophet,11.168968293463998
8,3,1734,92,9.69744054580017,7.747228684958526,8.604122833386919,12.556780917679186,10.500318195508873,12.501903369634116,20.329272115837224,16.09854458100761,20.800916952731594,prophet,9.69744054580017
8,4,1734,92,10.133889321444912,8.346522940892365,10.212215526540033,11.992870691316016,9.985513479813285,12.432897690491684,22.22345697440528,17.702667880090523,24.708081731142233,prophet,10.133889321444912
8,5,1734,92,8.689497824713904,6.955358599710748,12.290309472900923,9.716169285318104,7.92310967652694,14.545746513558052,14.088487385458198,11.607618246566721,22.25609656312897,prophet,8.689497824713904
8,6,1734,92,8.430011640722006,6.416424835072531,10.947399090313468,9.022404634108861,6.788319836492124,11.553835255177452,13.719960385111477,11.397344541286214,20.392566149260404,prophet,8.430011640722006
8,7,1734,92,8.006753876263081,6.438152984043642,12.682816791720525,8.521696024379372,6.640160477679709,13.28362195984128,15.915051801509929,13.021534481765604,28.232987851432,prophet,8.006753876263081
8,8,1734,92,11.083926919169544,8.924635621712014,8.988344721778127,12.03191762103452,9.776418188343877,10.091673426331713,24.892948114237086,20.434293447537332,24.22764250282453,prophet,11.083926919169544
8,9,1734,92,9.59156649689354,7.51734537032998,9.033263198495497,9.92553023145664,7.864126827405847,9.61011347343141,18.230929671303468,14.748811812272466,20.01712024178808,prophet,9.59156649689354
8,10,1734,92,11.160543355767684,8.663430972042049,10.068544405360086,12.963596119928587,10.427742128786834,12.593801688787035,31.68577195566121,26.105543587917357,35.016110607699126,prophet,11.160543355767684
15,1,1734,92,10.296305312529904,8.293972586063171,10.333001296628758,10.908390490617345,8.670595210531484,10.622467102181798,18.359257635713377,15.371982296951817,20.64589240420132,prophet,10.296305312529904
15,2,1734,92,10.912810267388423,8.718051225736797,7.667955097486351,12.568674182054368,9.841150781382686,8.910849388437398,23.391601309806994,18.830455207666844,18.070147633500095,prophet,10.912810267388423
15,3,1734,92,12.086694775742176,9.664154907095382,9.390044945946602,13.780873466035546,10.930343379145084,11.089559398518096,23.240736746508798,19.798124572343156,20.482470849751106,prophet,12.086694775742176
15,4,1734,92,10.221553211680456,8.153873013563118,8.184657172431248,11.10901516578476,8.31831177421238,8.844078319586721,23.828017513967232,18.681833453091507,22.701202578050765,prophet,10.221553211680456
15,5,1734,92,9.781766450189808,7.894118966543664,11.466450719191515,10.448778572975867,8.206369897593623,11.807585786138091,13.602199360059629,11.039778321228003,16.31187390835571,prophet,9.781766450189808
15,6,1734,92,9.398073575514026,7.749370699315376,12.258552967329116,11.353663400038016,9.076115649679434,14.770415007456664,21.30031983194415,17.362770520697655,30.6684890550562,prophet,9.398073575514026
15,7,1734,92,7.691179072758478,6.140906049184588,10.262542961338633,8.30125756775664,6.522916545038638,10.668074362330392,17.1004918583493,13.756988959106252,26.08736436643264,prophet,7.691179072758478
15,8,1734,92,11.804243326176156,9.593000195758396,8.74786233106835,13.295936612810905,10.629408048546832,9.667212138904029,24.569690763060716,20.055366042069693,20.481857907705276,prophet,11.804243326176156
15,9,1734,92,11.196981202094278,8.859866177700974,9.125207993956899,12.929326124984566,10.634205444999363,11.273596808578072,26.458646870705813,21.458623848189784,26.056771225533414,prophet,11.196981202094278
15,10,1734,92,11.799873013894953,9.51480221319944,9.337537477826995,11.896397740157223,9.389315066130266,9.422885783433438,21.698523961035956,17.534976540407534,19.359865614313723,prophet,11.799873013894953
13,1,1734,92,10.084207756454157,8.13323890456747,10.895976648563629,11.002357151020991,8.493349075317383,11.214821078907098,18.515288916988332,15.414349659654407,22.578713394459275,prophet,10.084207756454157
13,2,1734,92,11.119983709830997,8.88167779567206,8.573126445504883,11.870829270449699,9.522870934527853,9.204927721984522,24.901224447006886,20.12348249997422,21.159153382306435,prophet,11.119983709830997
13,3,1734,92,11.105357542270085,8.581979213126957,9.115683233733272,12.390823987540648,9.774542684140412,10.469666139945485,21.580925644648804,18.073314095915556,20.42837940883167,prophet,11.105357542270085
13,4,1734,92,10.189466776222025,8.07850557269372,9.259629618179385,11.967495656471954,9.340754218723463,10.428506423512456,19.230966094654196,15.95771570388096,18.041798422511395,prophet,10.189466776222025
13,5,1734,92,10.433434423739898,8.684906328939526,13.64904702195765,11.063783348153489,8.906476601310398,13.941988142629178,17.001605047568713,13.984182535406324,24.73078818377095,prophet,10.433434423739898
13,6,1734,92,9.625199318015948,8.032392618410798,12.299415656486037,10.420558781607411,8.358535227568254,12.88062003434573,20.947341443191426,17.511141697187625,30.682484776572682,prophet,9.625199318015948
13,7,1734,92,9.166573747229274,7.826817708507683,13.828034908838966,8.133498558202243,6.553274154663086,11.39811693554992,15.558836282857884,12.817966588359555,25.167636015920724,xgboost,8.133498558202243
13,8,1734,92,11.64229707955561,9.101469356414455,8.944276763794171,13.003674111718608,10.391088568645975,10.070340081837628,23.917040494329353,19.78169853842687,20.901615306954994,prophet,11.64229707955561
13,9,1734,92,10.273501885395177,8.386682164453779,9.839637414870467,13.260012711438351,10.751311260720957,12.852870659234677,32.636107335211854,27.255242678403107,35.210401467666514,prophet,10.273501885395177
13,10,1734,92,10.127023587591312,7.983098868538286,8.152073797381028,11.516992532240367,9.180248343426248,9.58929617581091,28.039085330453037,22.78191417224874,26.805313396961942,prophet,10.127023587591312
25,1,1734,92,9.702280440115553,7.85765187930214,10.702386094235052,10.255608284336025,8.55489904984184,11.935836795521254,16.1357289072881,13.097853409425118,19.34891067898344,prophet,9.702280440115553
25,2,1734,92,12.811473952348875,10.66521297403573,10.034031801541863,15.137252287847591,12.173936180446459,11.979677340706724,26.415922886824383,21.35845344370121,23.246638951471894,prophet,12.811473952348875
25,3,1734,92,9.824583547560096,7.949054859230591,8.885805842721819,11.33381584001727,9.111558665399967,10.420161235807486,19.316123889356085,15.86896913623741,19.02758431517826,prophet,9.824583547560096
25,4,1734,92,11.121670157554714,8.869155237078543,10.324698992626589,11.595752902406685,9.032487371693486,10.894635797583025,19.44121839080592,15.700268640536967,20.484589106522975,prophet,11.121670157554714
25,5,1734,92,8.919975785540425,7.022510044621198,11.997625159724295,10.658059818720464,8.256506422291631,15.158822652445448,18.91990751690619,15.290533123335726,30.23162490535804,prophet,8.919975785540425
25,6,1734,92,8.365529599899777,6.149514172086298,9.896179294528222,9.236978790544388,6.955323219299316,10.984764359844657,15.088418740797003,12.14688893359229,22.103266826301844,prophet,8.365529599899777
25,7,1734,92,8.609867241272344,6.959768679917876,12.457140740374852,9.479410284152987,7.704557709071947,13.605613892951455,15.762309312340808,12.950982047994323,26.35207255337723,prophet,8.609867241272344
25,8,1734,92,10.776160456473601,8.2823690510585,8.334531743613692,12.636031239099475,9.702023547628652,10.10733915518287,22.99925574241029,18.63607303506948,21.089167144760264,prophet,10.776160456473601
25,9,1734,92,11.568771567919018,9.161635624827298,10.704042311053907,12.092951952761684,9.913679952206818,11.649607890235087,21.69908844755345,17.485879957903716,23.150423012187876,prophet,11.568771567919018
25,10,1734,92,11.26119044816133,9.133790442190223,10.497848544635744,12.836599732565428,10.27251032124395,11.885130054916962,22.094434245178785,18.579188297379172,23.23092840098718,prophet,11.26119044816133
11,1,1734,92,9.362379641736165,7.457671622822457,12.226335377358426,9.746303124975787,7.712909864342731,12.547385095126549,17.21888427904063,14.123491116951591,25.23476448610505,prophet,9.362379641736165
11,2,1734,92,10.480144354296579,7.898210610995439,9.241863058980021,11.196333181101267,8.54267460366954,10.115314696506532,23.744129005121472,18.23383224842399,23.967951467266836,prophet,10.480144354296579
11,3,1734,92,9.805907563340638,7.911942985053136,9.657258900326363,11.481972578756903,8.947250573531441,11.253462589747684,18.513635588157733,14.738594193682166,20.747755412017653,prophet,9.805907563340638
11,4,1734,92,10.20330785907864,8.361926037606509,11.026357998571315,10.710634482213168,8.798357673313307,12.049866990695165,19.598907810093312,15.864516442147908,23.716302233880544,prophet,10.20330785907864
11,5,1734,92,7.671377697829464,6.26351193499104,11.946195842832806,8.607045563370725,7.267604662024456,14.17593916484493,13.753323269831768,10.973988247052239,24.257316510101422,prophet,7.671377697829464
11,6,1734,92,8.385436170273401,6.71850385782346,13.112918847964531,9.512692522823576,7.627068561056386,14.629420643131677,14.20681670177284,11.549118000013166,25.408871705742307,prophet,8.385436170273401
11,7,1734,92,7.894824831099957,6.103508118483404,12.34772756962811,8.074402333571667,6.512889177902885,13.175520949864397,14.337912311803022,11.68405820327758,27.565366266692326,prophet,7.894824831099957
11,8,1734,92,9.723165763794304,7.783369189780786,8.859957221674517,10.797977495273026,8.66257908033288,9.56115599867042,18.239737361843975,15.439552887965343,18.236139243169074,prophet,9.723165763794304
11,9,1734,92,9.476695133219078,7.424235888597198,9.67891909112393,9.919115102970904,7.59514219864555,9.932136118351742,15.18344495921631,12.358650471263768,17.062465709090798,prophet,9.476695133219078
11,10,1734,92,10.28722914089097,8.203867183804473,9.996569975553468,10.500351145915353,8.337687036265498,10.040456037242507,17.8487896919793,14.543401455486066,19.785875228472726,prophet,10.28722914089097
28,1,1734,92,10.640605152573624,7.951092099538825,9.507757309195307,11.20639221020426,8.414250083591627,10.230923157102042,20.6051065345837,16.176093798142666,22.601826781837786,prophet,10.640605152573624
28,2,1734,92,11.330005856598321,9.539431528486011,8.433384890236137,14.542218333599216,12.096616247425908,11.148147823960953,35.84338643123642,28.454266751585,29.498660310671852,prophet,11.330005856598321
28,3,1734,92,11.855717056007835,9.463215723998196,9.671959382973434,12.698904994448196,10.246203712795092,10.657827512653649,24.142754676135663,19.909187240729786,22.103130434794856,prophet,11.855717056007835
28,4,1734,92,12.301749913832728,9.903771308883899,10.79861550846244,11.646535931732462,9.897633967192277,10.828732018114733,21.608496715621836,16.924045540469614,20.988342853231625,xgboost,11.646535931732462
28,5,1734,92,8.953562263798535,7.241376709837546,10.972886212818374,9.661371440352196,7.900976637135381,12.217677022866074,18.706836341645992,14.851495025773412,25.500772961798653,prophet,8.953562263798535
28,6,1734,92,9.125050905869353,7.405618570163269,10.959197030069435,10.081254265645953,8.361338988594387,13.099945525709305,21.261197775614818,17.50823160128597,30.420498791936733,prophet,9.125050905869353
28,7,1734,92,8.41661434538842,6.504555694169018,10.573414947110285,9.03786071975445,7.146043114040209,12.077169603648771,15.082186784706932,12.790549365161679,22.74213115312728,prophet,8.41661434538842
28,8,1734,92,12.62958935477248,9.88205100817317,9.277747168426528,13.393059306897193,10.784154560254967,9.827376263030985,23.26386584219961,19.698480511261288,18.198574588153082,prophet,12.62958935477248
28,9,1734,92,10.274003410607811,7.747386031640454,8.353736122512395,10.553157191051847,8.460211961165719,9.085513142034204,20.90654711057409,17.534181361937986,19.952522050570494,prophet,10.274003410607811
28,10,1734,92,10.310347231243984,8.08709840945278,8.268042345546014,12.12563590856089,9.74043091483738,9.914257653379218,26.094205928160193,20.896055142665897,23.74754419428529,prophet,10.310347231243984
48,1,1734,92,6.616212076139898,5.17490693460466,11.910156228274955,7.500230103975948,6.255683007447616,13.904201780942909,13.34789338218373,10.819195249373497,27.378072375811453,prophet,6.616212076139898
48,2,1734,92,8.10904789258159,6.604853965137674,9.749702568169448,9.798972065013524,7.853776434193486,12.362418780899198,21.126834691796518,17.313279924855323,30.05089203777925,prophet,8.10904789258159
48,3,1734,92,8.592199801208935,6.611500530249786,11.516788801404969,9.012180757637275,6.85975460384203,12.29119506643987,14.868357319894242,11.98399618025295,22.87808960478126,prophet,8.592199801208935
48,4,1734,92,8.136965102980408,6.320537818101705,12.152407298128834,8.910587724507241,6.759827033333156,13.504409630810429,18.894552701563246,15.847253495905894,34.3883670422985,prophet,8.136965102980408
48,5,1734,92,6.938988923946686,5.479097041397972,13.345246045364462,7.540133971449776,5.686194585717243,13.859314275338837,11.838851827798525,9.705764646583615,27.332669902203804,prophet,6.938988923946686
48,6,1734,92,6.646833392056487,5.345595023193426,13.888878758253071,7.393137414482901,5.713397088258163,15.03952370958971,10.596334475779065,8.549756044480402,24.642186057544322,prophet,6.646833392056487
48,7,1734,92,6.617272343814138,5.300111436155373,14.61631288546302,7.413084515506929,6.147770840188731,17.639138789877922,9.936237001083724,8.23877851881735,25.62886677558658,prophet,6.617272343814138
48,8,1734,92,9.56591963512238,7.455008071551488,12.231239699620442,11.031420228299643,8.39153119792109,14.282531206790432,15.276393274555973,12.357530670660239,19.869836317962548,prophet,9.56591963512238
48,9,1734,92,7.938178928803669,6.207872593629544,11.301790859514757,8.315278591898869,6.856516423432724,12.703756516989504,13.071082934289176,10.982219388964168,21.857521148074195,prophet,7.938178928803669
48,10,1734,92,8.454906675913524,6.687282298219164,11.635435616574785,8.999451932192986,7.360450329987899,13.15370145339973,14.427179562623246,11.793916790089092,22.74257317953624,prophet,8.454906675913524
38,1,1734,92,10.627360109207604,8.315389909899869,10.915432325014082,11.614322561120805,9.618740993997324,13.4581560354846,17.989770387857817,14.678175728787243,22.006081160739612,prophet,10.627360109207604
38,2,1734,92,11.501645556297769,9.29346730986727,8.790220966977333,12.449880279152685,10.017253626947818,9.9429071476199,27.41089123314083,21.202089972782492,23.368292671542378,prophet,11.501645556297769
38,3,1734,92,11.115866119610718,8.672304395008286,9.016754294724425,12.399966007969994,9.921936366869057,10.717876289297045,21.474851180515145,17.847530315313595,21.016547312959833,prophet,11.115866119610718
38,4,1734,92,10.32260445207199,7.676353242157421,9.414693119212542,10.697535252164236,8.399814813033395,10.076287763899652,19.89244135306155,16.467772661937808,21.33451512371237,prophet,10.32260445207199
38,5,1734,92,9.145482634528776,6.9956488437562365,11.503720451576521,10.201189721052998,8.054223350856615,13.697242785353883,19.0875291327866,15.685370741205563,29.295121785795004,prophet,9.145482634528776
38,6,1734,92,9.407678401203322,7.472464922539735,12.605636258078858,10.496719927776544,8.47151001639988,14.521420650933292,16.489666303837186,13.306764210087561,25.11497300562901,prophet,9.407678401203322
38,7,1734,92,8.858702989892397,7.384736435236259,13.32628663130159,10.068915326755844,8.3043387454489,15.592894454116117,17.79741837799559,14.307006539852157,30.55709819242976,prophet,8.858702989892397
38,8,1734,92,11.137318801926737,8.747753052508722,8.263884056112415,12.784376039201556,10.403432597284732,10.196068091571762,21.576008032623843,17.961968397085325,19.248984564337217,prophet,11.137318801926737
38,9,1734,92,11.187269825448443,8.947854929309974,10.459998363566575,13.030930589373092,10.387553712596064,12.616552971443692,24.015641942840368,19.376494082262635,26.077460267307302,prophet,11.187269825448443
38,10,1734,92,11.489732988067912,9.025075047439955,9.584163298512166,11.91751116527942,9.372111444887908,10.586595342582694,18.35209866435622,14.798761204116989,16.680549008387942,prophet,11.489732988067912
18,1,1734,92,9.657180925506232,7.497047866541607,9.473983417009899,11.389358549182026,8.869272314983865,11.82990546118749,20.292355086932957,16.327270321156483,24.192289265240994,prophet,9.657180925506232
18,2,1734,92,10.506491194186687,8.341257079290457,7.591573008968767,12.402616737604177,10.040922662486201,9.072541698849385,33.73148840993693,27.071646502434582,28.082261206681437,prophet,10.506491194186687
18,3,1734,92,12.031918226263807,9.67937021796685,10.08126895401324,13.578301762240478,11.17422170224397,11.79198051380723,23.607572038342862,19.217645030672553,22.783856106299215,prophet,12.031918226263807
18,4,1734,92,11.401286601943582,9.92761363865476,11.280931428999228,12.090593980592361,10.102990067523459,11.503007377624183,20.36663217269994,17.004950811827236,20.687081024264202,prophet,11.401286601943582
18,5,1734,92,8.499023559768272,6.707267783761542,10.442877649871686,9.224829425078205,7.294546790744947,11.204515866013992,13.901708183708635,11.778102229309026,19.319278684651934,prophet,8.499023559768272
18,6,1734,92,9.777066297449657,7.703105308635503,11.770581293874196,10.130081627881742,8.29313033560048,12.972460017167881,15.822719474544034,12.624761000419362,21.852640972355854,prophet,9.777066297449657
18,7,1734,92,7.718637985246141,6.402302761862267,10.835108829928142,8.363026742003017,6.898066106049911,11.815843668960913,12.964582064234634,10.463305434362157,19.25267603314797,prophet,7.718637985246141
18,8,1734,92,11.007418134682375,8.635000201657101,8.407355221990294,13.45354001086414,10.691076859183934,10.619246266379923,28.23901367883998,22.890873983901784,25.722064950683805,prophet,11.007418134682375
18,9,1734,92,11.404389423180868,9.141148799513033,10.352068263127991,13.251760880358777,10.044477296912152,11.158519579840778,25.20135264822068,20.205801357630754,26.24069350899726,prophet,11.404389423180868
18,10,1734,92,9.78212084901115,7.773578093928289,8.26709992808301,10.633226006935883,8.534328294836957,9.226088979376124,23.200920743443152,18.456473900282393,22.399881276845413,prophet,9.78212084901115
