changepoint_prior_scale,seasonality_mode,yearly_seasonality,rmse_validation,rmse_test
0.01,additive,True,22.152122417731054,35.95162148207354
0.01,additive,10,22.152122417731054,35.95162148207354
0.01,additive,20,21.197555696152314,23.20394492688496
0.01,multiplicative,True,24.173526581142646,31.114329666087226
0.01,multiplicative,10,24.173526581142646,31.114329666087226
0.01,multiplicative,20,23.38626520678104,29.696222412578244
0.05,additive,True,31.48640222165615,37.68193366396102
0.05,additive,10,31.48640222165615,37.68193366396102
0.05,additive,20,25.860385173489274,23.960219356369464
0.05,multiplicative,True,48.52095980128162,46.602195056030006
0.05,multiplicative,10,48.52095980128162,46.602195056030006
0.05,multiplicative,20,55.76732350281142,32.15968619038411
0.5,additive,True,42.84929573585666,243.27204272219666
0.5,additive,10,42.84929573585666,243.27204272219666
0.5,additive,20,28.928715182936582,26.64307574901252
0.5,multiplicative,True,64.10969315222526,199.44246025339353
0.5,multiplicative,10,64.10969315222526,199.44246025339353
0.5,multiplicative,20,43.00315891407492,114.96788666531276
