product_id,product_name,category,annual_sales,months_with_data,seasonal_ratio,peak_month,peak_qty,low_month,low_qty
27,Banh snack,Snacks,90362.0,12,1.951042076287849,7,9923.0,2,5086.0
2,Rau cai thuong,Fresh Food,240421.0,12,1.9429567539500037,7,26193.0,1,13481.0
40,Bong bien sang,Household,120498.0,12,1.9421145894861194,7,13152.0,1,6772.0
47,Bot loc nuoc,Personal Care,90680.0,12,1.930518234165067,7,10058.0,1,5210.0
12,Nuoc khoang 500ml,Beverages,285834.0,12,1.9263694423974453,7,31369.0,1,16284.0
18,Sua chua 500g,Dairy,346448.0,12,1.926026844282975,7,38170.0,1,19818.0
4,Cam suoi,Fresh Food,89783.0,12,1.9258607198748043,7,9845.0,2,5112.0
32,Hat dieu,Snacks,181231.0,12,1.925552539744087,7,19864.0,1,10316.0
25,Ruou dua co,Beverages,330786.0,12,1.9236070614430367,7,36285.0,1,18863.0
50,Que doi,Household,269939.0,12,1.9193798449612403,7,29712.0,1,15480.0
